{
  "anchors": [
    5.78,
    5.03,
    3.8,
    3.88,
    2.0,
    2.06,
    1.25,
    1.34,
    2.78,
    3.0
  ],
  "inputs": {
    "input0": [
      224,
      224,
      3
    ]
  },
  "outputs": {
    "output0": [
      7,
      7,
      45
    ]
  },
  "params_quantity": 1867581,
  "loss": [
    [
      1,
      3.20936
    ],
    [
      2,
      3.1564
    ],
    [
      3,
      2.27144
    ],
    [
      4,
      1.7596
    ],
    [
      5,
      1.26332
    ],
    [
      6,
      1.24586
    ],
    [
      7,
      0.64653
    ],
    [
      8,
      0.43358
    ],
    [
      9,
      0.29122
    ],
    [
      10,
      0.21643
    ],
    [
      11,
      0.18941
    ],
    [
      12,
      0.13857
    ],
    [
      13,
      0.10465
    ],
    [
      14,
      0.10607
    ],
    [
      15,
      0.08863
    ],
    [
      16,
      0.08325
    ],
    [
      17,
      0.07444
    ],
    [
      18,
      0.06843
    ],
    [
      19,
      0.06466
    ],
    [
      20,
      0.05747
    ],
    [
      21,
      0.05122
    ],
    [
      22,
      0.0466
    ],
    [
      23,
      0.03996
    ],
    [
      24,
      0.04546
    ],
    [
      25,
      0.04273
    ],
    [
      26,
      0.04503
    ],
    [
      27,
      0.04125
    ],
    [
      28,
      0.04064
    ],
    [
      29,
      0.04307
    ],
    [
      30,
      0.04302
    ],
    [
      31,
      0.03855
    ],
    [
      32,
      0.03663
    ],
    [
      33,
      0.03537
    ],
    [
      34,
      0.03453
    ],
    [
      35,
      0.03256
    ],
    [
      36,
      0.03151
    ],
    [
      37,
      0.03236
    ],
    [
      38,
      0.03201
    ],
    [
      39,
      0.03093
    ],
    [
      40,
      0.03021
    ],
    [
      41,
      0.03106
    ],
    [
      42,
      0.03137
    ],
    [
      43,
      0.02984
    ],
    [
      44,
      0.02953
    ],
    [
      45,
      0.02971
    ],
    [
      46,
      0.02933
    ],
    [
      47,
      0.02867
    ],
    [
      48,
      0.03048
    ],
    [
      49,
      0.02921
    ],
    [
      50,
      0.03048
    ],
    [
      51,
      0.02658
    ],
    [
      52,
      0.02623
    ],
    [
      53,
      0.02561
    ],
    [
      54,
      0.02467
    ],
    [
      55,
      0.02495
    ],
    [
      56,
      0.02537
    ],
    [
      57,
      0.02466
    ],
    [
      58,
      0.02568
    ],
    [
      59,
      0.02373
    ],
    [
      60,
      0.02387
    ],
    [
      61,
      0.02363
    ],
    [
      62,
      0.02297
    ],
    [
      63,
      0.02285
    ],
    [
      64,
      0.02317
    ],
    [
      65,
      0.02305
    ],
    [
      66,
      0.02351
    ],
    [
      67,
      0.02383
    ],
    [
      68,
      0.02306
    ],
    [
      69,
      0.02241
    ],
    [
      70,
      0.02221
    ],
    [
      71,
      0.02352
    ],
    [
      72,
      0.02344
    ],
    [
      73,
      0.02229
    ],
    [
      74,
      0.02227
    ],
    [
      75,
      0.02253
    ],
    [
      76,
      0.02232
    ],
    [
      77,
      0.02146
    ],
    [
      78,
      0.0231
    ],
    [
      79,
      0.02223
    ],
    [
      80,
      0.02185
    ],
    [
      81,
      0.0226
    ],
    [
      82,
      0.0215
    ],
    [
      83,
      0.02235
    ],
    [
      84,
      0.02083
    ],
    [
      85,
      0.02115
    ],
    [
      86,
      0.02103
    ],
    [
      87,
      0.02085
    ],
    [
      88,
      0.02118
    ],
    [
      89,
      0.02089
    ],
    [
      90,
      0.02076
    ],
    [
      91,
      0.02084
    ],
    [
      92,
      0.02069
    ],
    [
      93,
      0.0207
    ],
    [
      94,
      0.02025
    ],
    [
      95,
      0.0198
    ],
    [
      96,
      0.01958
    ],
    [
      97,
      0.01986
    ],
    [
      98,
      0.01983
    ],
    [
      99,
      0.01965
    ],
    [
      100,
      0.02019
    ]
  ],
  "acc": [
    [
      1,
      0.20182
    ],
    [
      2,
      0.28291
    ],
    [
      3,
      0.23019
    ],
    [
      4,
      0.24887
    ],
    [
      5,
      0.24566
    ],
    [
      6,
      0.2417
    ],
    [
      7,
      0.29457
    ],
    [
      8,
      0.2765
    ],
    [
      9,
      0.26867
    ],
    [
      10,
      0.26065
    ],
    [
      11,
      0.23425
    ],
    [
      12,
      0.24752
    ],
    [
      13,
      0.25054
    ],
    [
      14,
      0.24919
    ],
    [
      15,
      0.25163
    ],
    [
      16,
      0.2477
    ],
    [
      17,
      0.25706
    ],
    [
      18,
      0.25933
    ],
    [
      19,
      0.2493
    ],
    [
      20,
      0.25623
    ],
    [
      21,
      0.26224
    ],
    [
      22,
      0.25431
    ],
    [
      23,
      0.25486
    ],
    [
      24,
      0.2517
    ],
    [
      25,
      0.24555
    ],
    [
      26,
      0.24876
    ],
    [
      27,
      0.25063
    ],
    [
      28,
      0.25047
    ],
    [
      29,
      0.24733
    ],
    [
      30,
      0.24929
    ],
    [
      31,
      0.24882
    ],
    [
      32,
      0.24807
    ],
    [
      33,
      0.24725
    ],
    [
      34,
      0.25173
    ],
    [
      35,
      0.25608
    ],
    [
      36,
      0.25533
    ],
    [
      37,
      0.25532
    ],
    [
      38,
      0.25164
    ],
    [
      39,
      0.2536
    ],
    [
      40,
      0.24994
    ],
    [
      41,
      0.25068
    ],
    [
      42,
      0.25073
    ],
    [
      43,
      0.24806
    ],
    [
      44,
      0.25024
    ],
    [
      45,
      0.24785
    ],
    [
      46,
      0.24206
    ],
    [
      47,
      0.24824
    ],
    [
      48,
      0.25012
    ],
    [
      49,
      0.24636
    ],
    [
      50,
      0.24444
    ],
    [
      51,
      0.24509
    ],
    [
      52,
      0.2495
    ],
    [
      53,
      0.25176
    ],
    [
      54,
      0.25241
    ],
    [
      55,
      0.24918
    ],
    [
      56,
      0.24767
    ],
    [
      57,
      0.25147
    ],
    [
      58,
      0.25157
    ],
    [
      59,
      0.25284
    ],
    [
      60,
      0.24965
    ],
    [
      61,
      0.25124
    ],
    [
      62,
      0.25272
    ],
    [
      63,
      0.24901
    ],
    [
      64,
      0.24823
    ],
    [
      65,
      0.24826
    ],
    [
      66,
      0.24841
    ],
    [
      67,
      0.24877
    ],
    [
      68,
      0.24853
    ],
    [
      69,
      0.25299
    ],
    [
      70,
      0.25093
    ],
    [
      71,
      0.25325
    ],
    [
      72,
      0.2538
    ],
    [
      73,
      0.25256
    ],
    [
      74,
      0.25078
    ],
    [
      75,
      0.24815
    ],
    [
      76,
      0.24794
    ],
    [
      77,
      0.24674
    ],
    [
      78,
      0.24926
    ],
    [
      79,
      0.2495
    ],
    [
      80,
      0.25013
    ],
    [
      81,
      0.24953
    ],
    [
      82,
      0.25324
    ],
    [
      83,
      0.25329
    ],
    [
      84,
      0.25077
    ],
    [
      85,
      0.24858
    ],
    [
      86,
      0.25036
    ],
    [
      87,
      0.25057
    ],
    [
      88,
      0.25348
    ],
    [
      89,
      0.24987
    ],
    [
      90,
      0.24902
    ],
    [
      91,
      0.24815
    ],
    [
      92,
      0.24837
    ],
    [
      93,
      0.24932
    ],
    [
      94,
      0.24885
    ],
    [
      95,
      0.25002
    ],
    [
      96,
      0.25145
    ],
    [
      97,
      0.25168
    ],
    [
      98,
      0.25001
    ],
    [
      99,
      0.24927
    ],
    [
      100,
      0.25047
    ]
  ],
  "lr": [
    [
      1,
      0.001
    ],
    [
      2,
      0.00098
    ],
    [
      3,
      0.00095
    ],
    [
      4,
      0.00093
    ],
    [
      5,
      0.00091
    ],
    [
      6,
      0.00089
    ],
    [
      7,
      0.00087
    ],
    [
      8,
      0.00085
    ],
    [
      9,
      0.00083
    ],
    [
      10,
      0.00081
    ],
    [
      11,
      0.00079
    ],
    [
      12,
      0.00078
    ],
    [
      13,
      0.00076
    ],
    [
      14,
      0.00074
    ],
    [
      15,
      0.00072
    ],
    [
      16,
      0.00071
    ],
    [
      17,
      0.00069
    ],
    [
      18,
      0.00068
    ],
    [
      19,
      0.00066
    ],
    [
      20,
      0.00065
    ],
    [
      21,
      0.00063
    ],
    [
      22,
      0.00062
    ],
    [
      23,
      0.0006
    ],
    [
      24,
      0.00059
    ],
    [
      25,
      0.00058
    ],
    [
      26,
      0.00056
    ],
    [
      27,
      0.00055
    ],
    [
      28,
      0.00054
    ],
    [
      29,
      0.00052
    ],
    [
      30,
      0.00051
    ],
    [
      31,
      0.0005
    ],
    [
      32,
      0.00049
    ],
    [
      33,
      0.00048
    ],
    [
      34,
      0.00047
    ],
    [
      35,
      0.00046
    ],
    [
      36,
      0.00045
    ],
    [
      37,
      0.00044
    ],
    [
      38,
      0.00043
    ],
    [
      39,
      0.00042
    ],
    [
      40,
      0.00041
    ],
    [
      41,
      0.0004
    ],
    [
      42,
      0.00039
    ],
    [
      43,
      0.00038
    ],
    [
      44,
      0.00037
    ],
    [
      45,
      0.00036
    ],
    [
      46,
      0.00035
    ],
    [
      47,
      0.00035
    ],
    [
      48,
      0.00034
    ],
    [
      49,
      0.00033
    ],
    [
      50,
      0.00032
    ],
    [
      51,
      0.00032
    ],
    [
      52,
      0.00031
    ],
    [
      53,
      0.0003
    ],
    [
      54,
      0.0003
    ],
    [
      55,
      0.00029
    ],
    [
      56,
      0.00028
    ],
    [
      57,
      0.00028
    ],
    [
      58,
      0.00027
    ],
    [
      59,
      0.00026
    ],
    [
      60,
      0.00026
    ],
    [
      61,
      0.00025
    ],
    [
      62,
      0.00025
    ],
    [
      63,
      0.00024
    ],
    [
      64,
      0.00023
    ],
    [
      65,
      0.00023
    ],
    [
      66,
      0.00022
    ],
    [
      67,
      0.00022
    ],
    [
      68,
      0.00021
    ],
    [
      69,
      0.00021
    ],
    [
      70,
      0.0002
    ],
    [
      71,
      0.0002
    ],
    [
      72,
      0.00019
    ],
    [
      73,
      0.00019
    ],
    [
      74,
      0.00019
    ],
    [
      75,
      0.00018
    ],
    [
      76,
      0.00018
    ],
    [
      77,
      0.00017
    ],
    [
      78,
      0.00017
    ],
    [
      79,
      0.00017
    ],
    [
      80,
      0.00016
    ],
    [
      81,
      0.00016
    ],
    [
      82,
      0.00015
    ],
    [
      83,
      0.00015
    ],
    [
      84,
      0.00015
    ],
    [
      85,
      0.00014
    ],
    [
      86,
      0.00014
    ],
    [
      87,
      0.00014
    ],
    [
      88,
      0.00013
    ],
    [
      89,
      0.00013
    ],
    [
      90,
      0.00013
    ],
    [
      91,
      0.00013
    ],
    [
      92,
      0.00012
    ],
    [
      93,
      0.00012
    ],
    [
      94,
      0.00012
    ],
    [
      95,
      0.00011
    ],
    [
      96,
      0.00011
    ],
    [
      97,
      0.00011
    ],
    [
      98,
      0.00011
    ],
    [
      99,
      0.0001
    ],
    [
      100,
      0.0001
    ]
  ],
  "val_acc": [
    [
      10,
      0.0
    ],
    [
      20,
      0.36364
    ],
    [
      30,
      0.43182
    ],
    [
      40,
      0.43182
    ],
    [
      50,
      0.51894
    ],
    [
      60,
      0.56155
    ],
    [
      70,
      0.5464
    ],
    [
      80,
      0.56723
    ],
    [
      90,
      0.58757
    ],
    [
      100,
      0.60259
    ]
  ],
  "AP_梨": [
    [
      10,
      0.0
    ],
    [
      20,
      0.0
    ],
    [
      30,
      0.09091
    ],
    [
      40,
      0.18182
    ],
    [
      50,
      0.18182
    ],
    [
      60,
      0.18182
    ],
    [
      70,
      0.12121
    ],
    [
      80,
      0.20455
    ],
    [
      90,
      0.20455
    ],
    [
      100,
      0.29091
    ]
  ],
  "AP_苹果": [
    [
      10,
      0.0
    ],
    [
      20,
      0.09091
    ],
    [
      30,
      0.27273
    ],
    [
      40,
      0.09091
    ],
    [
      50,
      0.43939
    ],
    [
      60,
      0.625
    ],
    [
      70,
      0.625
    ],
    [
      80,
      0.625
    ],
    [
      90,
      0.71717
    ],
    [
      100,
      0.71717
    ]
  ],
  "AP_西瓜": [
    [
      10,
      0.0
    ],
    [
      20,
      0.36364
    ],
    [
      30,
      0.36364
    ],
    [
      40,
      0.45455
    ],
    [
      50,
      0.45455
    ],
    [
      60,
      0.43939
    ],
    [
      70,
      0.43939
    ],
    [
      80,
      0.43939
    ],
    [
      90,
      0.42857
    ],
    [
      100,
      0.40227
    ]
  ],
  "AP_香蕉": [
    [
      10,
      0.0
    ],
    [
      20,
      1.0
    ],
    [
      30,
      1.0
    ],
    [
      40,
      1.0
    ],
    [
      50,
      1.0
    ],
    [
      60,
      1.0
    ],
    [
      70,
      1.0
    ],
    [
      80,
      1.0
    ],
    [
      90,
      1.0
    ],
    [
      100,
      1.0
    ]
  ],
  "mean": 123.5,
  "std": 58.395,
  "label_type": "detection",
  "data_type": "image",
  "labels": [
    "梨",
    "苹果",
    "西瓜",
    "香蕉"
  ],
  "best_eval": {
    "epoch": 100,
    "val_acc": 0.603,
    "val_info": [
      {
        "name": "7746f874bf7e40498b8c48986ac689e3.jpg",
        "nickname": "a40c1a07f1f29a7562b7a030cb18bc03 - 副本.jpeg",
        "pred": [
          [
            106,
            72,
            280,
            224,
            0.5365322232246399,
            1.0
          ]
        ],
        "gt": [
          [
            121,
            74,
            279,
            223,
            1.0,
            1.0
          ]
        ],
        "ok": true
      },
      {
        "name": "2d44b205573b4fdcaa00e08d9240b28f.jpg",
        "nickname": "38f08e206f7255e78a74cc063173eda6 - 副本.jpeg",
        "pred": [
          [
            34,
            91,
            359,
            438,
            0.7961176037788391,
            2.0
          ]
        ],
        "gt": [
          [
            43,
            48,
            351,
            386,
            1.0,
            2.0
          ]
        ],
        "ok": true
      },
      {
        "name": "f38cf301fc044f03aa75a19d38eeb2ff.jpg",
        "nickname": "2154724762525d316982b23470280564.jpg",
        "pred": [
          [
            28,
            32,
            373,
            295,
            0.5737183094024658,
            2.0
          ]
        ],
        "gt": [
          [
            84,
            39,
            349,
            290,
            1.0,
            2.0
          ]
        ],
        "ok": true
      },
      {
        "name": "b175f6ba0eed4c47a44a2b666dfc5d86.jpg",
        "nickname": "a2af21d4d64ebd9efe2afc2d4a12bb9b - 副本.jpeg",
        "pred": [
          [
            125,
            47,
            337,
            251,
            0.6159881949424744,
            1.0
          ]
        ],
        "gt": [
          [
            136,
            37,
            338,
            256,
            1.0,
            1.0
          ]
        ],
        "ok": true
      },
      {
        "name": "76089c3531ab48859c22d19fba6dd11e.jpg",
        "nickname": "9039f69d29e508a5a9c362a9be006568 - 副本.jpeg",
        "pred": [
          [
            7,
            23,
            236,
            297,
            0.9342949986457825,
            3.0
          ]
        ],
        "gt": [
          [
            6,
            31,
            234,
            293,
            1.0,
            3.0
          ]
        ],
        "ok": true
      },
      {
        "name": "f59283c58b91426ea86d7296610886dd.jpg",
        "nickname": "96826f5d2ad0733b306f298fc82b9e42.jpeg",
        "pred": [
          [
            216,
            191,
            358,
            346,
            0.7478548884391785,
            0.0
          ]
        ],
        "gt": [
          [
            59,
            84,
            221,
            264,
            1.0,
            0.0
          ]
        ],
        "ok": false
      },
      {
        "name": "37011a763bc34f2fac0095990377a59b.jpg",
        "nickname": "d207ac210b5ae49d6146ac34f7aa65ec - 副本.jpeg",
        "pred": [
          [
            72,
            5,
            415,
            255,
            0.8756623864173889,
            3.0
          ]
        ],
        "gt": [
          [
            28,
            0,
            381,
            260,
            1.0,
            3.0
          ]
        ],
        "ok": true
      },
      {
        "name": "1b93782d862842f88ddb0f77d9089b7e.jpg",
        "nickname": "ebebb36ede9b503a7da95171162afe3e - 副本.jpeg",
        "pred": [
          [
            183,
            102,
            367,
            270,
            0.5509520173072815,
            2.0
          ]
        ],
        "gt": [
          [
            69,
            14,
            173,
            97,
            1.0,
            2.0
          ]
        ],
        "ok": false
      },
      {
        "name": "2d812c1412e2456288be1c73a718fb4f.jpg",
        "nickname": "877724e4f4c69beb588a1b2055aa5763 - 副本.jpg",
        "pred": [
          [
            78,
            118,
            236,
            274,
            0.7936200499534607,
            1.0
          ]
        ],
        "gt": [
          [
            262,
            24,
            412,
            178,
            1.0,
            1.0
          ]
        ],
        "ok": false
      },
      {
        "name": "ff2fa14417094336b6d837207188ab22.jpg",
        "nickname": "b95755494e2dbb66c87858910e66c392.jpeg",
        "pred": [
          [
            76,
            144,
            167,
            256,
            0.6268355250358582,
            0.0
          ]
        ],
        "gt": [
          [
            75,
            143,
            166,
            262,
            1.0,
            0.0
          ]
        ],
        "ok": true
      },
      {
        "name": "2f35a11449ed41dea290f6569b2aa082.jpg",
        "nickname": "6bcb35535ac846a92710600a368f7710 - 副本.jpeg",
        "pred": [
          [
            119,
            62,
            316,
            187,
            0.7430300712585449,
            0.0
          ]
        ],
        "gt": [
          [
            111,
            58,
            373,
            178,
            1.0,
            0.0
          ]
        ],
        "ok": true
      },
      {
        "name": "0befd6d3cc0b498bb0cb09800c39fdd2.jpg",
        "nickname": "c06f5d1ddb63c5d304d2b4bbb6eb69de.jpg",
        "pred": [
          [
            120,
            65,
            214,
            155,
            0.5837145447731018,
            2.0
          ]
        ],
        "gt": [
          [
            176,
            141,
            266,
            249,
            1.0,
            2.0
          ]
        ],
        "ok": false
      },
      {
        "name": "1169f37aa0fa499da882380bb4957379.jpg",
        "nickname": "970bd47a0b6337d1a8e35a9a6868e5b8 - 副本.jpeg",
        "pred": [
          [
            199,
            134,
            331,
            311,
            0.6217256784439087,
            0.0
          ]
        ],
        "gt": [
          [
            100,
            126,
            221,
            306,
            1.0,
            0.0
          ]
        ],
        "ok": false
      },
      {
        "name": "dcdf6fc564f3495fb792bf490289bddb.jpg",
        "nickname": "0c59fa0f0bdbff080b6ea6a341dbeb56 - 副本.jpg",
        "pred": [],
        "gt": [
          [
            106,
            19,
            241,
            130,
            1.0,
            1.0
          ]
        ],
        "ok": false
      }
    ]
  }
}